first_name;last_name;email;document
Robson;Santos;robson1@email.com.br;8798746546
Alexandre;Santos;alexandre27@email.com.br;489498498
Willian;Santos;willian28@email.com.br;546548451
Eleno;Santos;eleno29@email.com.br;8484154654
Lucas;Santos;lucas30@email.com.br;8465148451
1